[
    {
        "name": "Bolvir",
        "url": "https://es.wikipedia.org/wiki/Categor%C3%ADa:Bolvir",
        "subcategories": [],
        "articulos": [
            {
                "name": "Bolvir",
                "url": "https://es.wikipedia.org/wiki/Bolvir"
            },
            {
                "name": "Signario de Bolvir",
                "url": "https://es.wikipedia.org/wiki/Signario_de_Bolvir"
            },
            {
                "name": "Talltorta",
                "url": "https://es.wikipedia.org/wiki/Talltorta"
            }
        ]
    },
    {
        "name": "Das",
        "url": "https://es.wikipedia.org/wiki/Categor%C3%ADa:Das",
        "subcategories": [],
        "articulos": [
            {
                "name": "Aeródromo de La Cerdaña",
                "url": "https://es.wikipedia.org/wiki/Aer%C3%B3dromo_de_La_Cerda%C3%B1a"
            },
            {
                "name": "Casa del Común de Das",
                "url": "https://es.wikipedia.org/wiki/Casa_del_Com%C3%BAn_de_Das"
            },
            {
                "name": "Das",
                "url": "https://es.wikipedia.org/wiki/Das"
            },
            {
                "name": "Iglesia de San Julián (Tartera)",
                "url": "https://es.wikipedia.org/wiki/Iglesia_de_San_Juli%C3%A1n_(Tartera)"
            },
            {
                "name": "Iglesia de San Lorenzo (Das)",
                "url": "https://es.wikipedia.org/wiki/Iglesia_de_San_Lorenzo_(Das)"
            },
            {
                "name": "Iglesia de Santa María (Mosoll)",
                "url": "https://es.wikipedia.org/wiki/Iglesia_de_Santa_Mar%C3%ADa_(Mosoll)"
            },
            {
                "name": "Mosoll",
                "url": "https://es.wikipedia.org/wiki/Mosoll"
            },
            {
                "name": "Sanavastre",
                "url": "https://es.wikipedia.org/wiki/Sanavastre"
            },
            {
                "name": "Tartera (España)",
                "url": "https://es.wikipedia.org/wiki/Tartera_(Espa%C3%B1a)"
            }
        ]
    },
    {
        "name": "Fontanáls de Cerdanya",
        "url": "https://es.wikipedia.org/wiki/Categor%C3%ADa:Fontan%C3%A1ls_de_Cerdanya",
        "subcategories": [],
        "articulos": [
            {
                "name": "Aeródromo de La Cerdaña",
                "url": "https://es.wikipedia.org/wiki/Aer%C3%B3dromo_de_La_Cerda%C3%B1a"
            },
            {
                "name": "El Vilar (Gerona)",
                "url": "https://es.wikipedia.org/wiki/El_Vilar_(Gerona)"
            },
            {
                "name": "Escadarcs",
                "url": "https://es.wikipedia.org/wiki/Escadarcs"
            },
            {
                "name": "Estoll",
                "url": "https://es.wikipedia.org/wiki/Estoll"
            },
            {
                "name": "Fontanáls de Cerdanya",
                "url": "https://es.wikipedia.org/wiki/Fontan%C3%A1ls_de_Cerdanya"
            },
            {
                "name": "Queixans",
                "url": "https://es.wikipedia.org/wiki/Queixans"
            },
            {
                "name": "Soriguerola",
                "url": "https://es.wikipedia.org/wiki/Soriguerola"
            }
        ]
    },
    {
        "name": "Ger (Gerona)",
        "url": "https://es.wikipedia.org/wiki/Categor%C3%ADa:Ger_(Gerona)",
        "subcategories": [],
        "articulos": [
            {
                "name": "Ger (Gerona)",
                "url": "https://es.wikipedia.org/wiki/Ger_(Gerona)"
            },
            {
                "name": "Gréixer",
                "url": "https://es.wikipedia.org/wiki/Gr%C3%A9ixer"
            },
            {
                "name": "Iglesia de San Clemente (Gréixer)",
                "url": "https://es.wikipedia.org/wiki/Iglesia_de_San_Clemente_(Gr%C3%A9ixer)"
            },
            {
                "name": "Iglesia de Santa Colomba (Ger)",
                "url": "https://es.wikipedia.org/wiki/Iglesia_de_Santa_Colomba_(Ger)"
            },
            {
                "name": "Iglesia de Santa Eugenia (Saga)",
                "url": "https://es.wikipedia.org/wiki/Iglesia_de_Santa_Eugenia_(Saga)"
            },
            {
                "name": "Saga (España)",
                "url": "https://es.wikipedia.org/wiki/Saga_(Espa%C3%B1a)"
            }
        ]
    },
    {
        "name": "Guils de Cerdaña",
        "url": "https://es.wikipedia.org/wiki/Categor%C3%ADa:Guils_de_Cerda%C3%B1a",
        "subcategories": [],
        "articulos": [
            {
                "name": "Guils de Cerdaña",
                "url": "https://es.wikipedia.org/wiki/Guils_de_Cerda%C3%B1a"
            },
            {
                "name": "Guils Fontanera",
                "url": "https://es.wikipedia.org/wiki/Guils_Fontanera"
            },
            {
                "name": "Iglesia de San Esteban (Guils de Cerdaña)",
                "url": "https://es.wikipedia.org/wiki/Iglesia_de_San_Esteban_(Guils_de_Cerda%C3%B1a)"
            }
        ]
    },
    {
        "name": "Isóbol",
        "url": "https://es.wikipedia.org/wiki/Categor%C3%ADa:Is%C3%B3bol",
        "subcategories": [],
        "articulos": [
            {
                "name": "All (Isóbol)",
                "url": "https://es.wikipedia.org/wiki/All_(Is%C3%B3bol)"
            },
            {
                "name": "Iglesia de San Pedro (Olopte)",
                "url": "https://es.wikipedia.org/wiki/Iglesia_de_San_Pedro_(Olopte)"
            },
            {
                "name": "Iglesia de Santa María (All)",
                "url": "https://es.wikipedia.org/wiki/Iglesia_de_Santa_Mar%C3%ADa_(All)"
            },
            {
                "name": "Isóbol",
                "url": "https://es.wikipedia.org/wiki/Is%C3%B3bol"
            },
            {
                "name": "Olopte",
                "url": "https://es.wikipedia.org/wiki/Olopte"
            }
        ]
    },
    {
        "name": "Lles",
        "url": "https://es.wikipedia.org/wiki/Categor%C3%ADa:Lles",
        "subcategories": [],
        "articulos": [
            {
                "name": "Aransa",
                "url": "https://es.wikipedia.org/wiki/Aransa"
            },
            {
                "name": "Coborriu de la Llosa",
                "url": "https://es.wikipedia.org/wiki/Coborriu_de_la_Llosa"
            },
            {
                "name": "Iglesia de San Fructuoso (Músser)",
                "url": "https://es.wikipedia.org/wiki/Iglesia_de_San_Fructuoso_(M%C3%BAsser)"
            },
            {
                "name": "Iglesia de San Martín (Aransa)",
                "url": "https://es.wikipedia.org/wiki/Iglesia_de_San_Mart%C3%ADn_(Aransa)"
            },
            {
                "name": "Lles",
                "url": "https://es.wikipedia.org/wiki/Lles"
            },
            {
                "name": "Mussa (España)",
                "url": "https://es.wikipedia.org/wiki/Mussa_(Espa%C3%B1a)"
            },
            {
                "name": "Travesseres",
                "url": "https://es.wikipedia.org/wiki/Travesseres"
            },
            {
                "name": "Viliella",
                "url": "https://es.wikipedia.org/wiki/Viliella"
            }
        ]
    },
    {
        "name": "Llivia",
        "url": "https://es.wikipedia.org/wiki/Categor%C3%ADa:Llivia",
        "subcategories": [
            {
                "name": "Arquitectura de Llivia",
                "url": "https://es.wikipedia.org/wiki/Categor%C3%ADa:Arquitectura_de_Llivia",
                "subcategories": [],
                "articulos": [
                    {
                        "name": "Castillo de Llivia",
                        "url": "https://es.wikipedia.org/wiki/Castillo_de_Llivia"
                    },
                    {
                        "name": "Farmacia Esteve de Llivia",
                        "url": "https://es.wikipedia.org/wiki/Farmacia_Esteve_de_Llivia"
                    },
                    {
                        "name": "Iglesia de Nuestra Señora de los Ángeles (Llivia)",
                        "url": "https://es.wikipedia.org/wiki/Iglesia_de_Nuestra_Se%C3%B1ora_de_los_%C3%81ngeles_(Llivia)"
                    },
                    {
                        "name": "Museo Municipal de Llivia",
                        "url": "https://es.wikipedia.org/wiki/Museo_Municipal_de_Llivia"
                    }
                ]
            },
            {
                "name": "Historia de Llivia",
                "url": "https://es.wikipedia.org/wiki/Categor%C3%ADa:Historia_de_Llivia",
                "subcategories": [],
                "articulos": [
                    {
                        "name": "Guerra de los stops",
                        "url": "https://es.wikipedia.org/wiki/Guerra_de_los_stops"
                    },
                    {
                        "name": "Tratado de Llivia",
                        "url": "https://es.wikipedia.org/wiki/Tratado_de_Llivia"
                    }
                ]
            },
            {
                "name": "Nacidos en Llivia",
                "url": "https://es.wikipedia.org/wiki/Categor%C3%ADa:Nacidos_en_Llivia",
                "subcategories": [],
                "articulos": [
                    {
                        "name": "Francisco Fabra",
                        "url": "https://es.wikipedia.org/wiki/Francisco_Fabra"
                    },
                    {
                        "name": "Antonio Roca",
                        "url": "https://es.wikipedia.org/wiki/Antonio_Roca"
                    },
                    {
                        "name": "Josep Solé Barberà",
                        "url": "https://es.wikipedia.org/wiki/Josep_Sol%C3%A9_Barber%C3%A0"
                    }
                ]
            },
            {
                "name": "Pedanías de Llivia",
                "url": "https://es.wikipedia.org/wiki/Categor%C3%ADa:Pedan%C3%ADas_de_Llivia",
                "subcategories": [],
                "articulos": [
                    {
                        "name": "Cereja",
                        "url": "https://es.wikipedia.org/wiki/Cereja"
                    },
                    {
                        "name": "Gorguja",
                        "url": "https://es.wikipedia.org/wiki/Gorguja"
                    }
                ]
            }
        ],
        "articulos": [
            {
                "name": "Llivia",
                "url": "https://es.wikipedia.org/wiki/Llivia"
            }
        ]
    },
    {
        "name": "Maranges",
        "url": "https://es.wikipedia.org/wiki/Categor%C3%ADa:Maranges",
        "subcategories": [],
        "articulos": [
            {
                "name": "Girul",
                "url": "https://es.wikipedia.org/wiki/Girul"
            },
            {
                "name": "Iglesia de San Saturnino (Maranges)",
                "url": "https://es.wikipedia.org/wiki/Iglesia_de_San_Saturnino_(Maranges)"
            },
            {
                "name": "Maranges",
                "url": "https://es.wikipedia.org/wiki/Maranges"
            }
        ]
    },
    {
        "name": "Montellá Martinet",
        "url": "https://es.wikipedia.org/wiki/Categor%C3%ADa:Montell%C3%A1_Martinet",
        "subcategories": [],
        "articulos": [
            {
                "name": "Béixec",
                "url": "https://es.wikipedia.org/wiki/B%C3%A9ixec"
            },
            {
                "name": "Capiscol (Lérida)",
                "url": "https://es.wikipedia.org/wiki/Capiscol_(L%C3%A9rida)"
            },
            {
                "name": "Estana",
                "url": "https://es.wikipedia.org/wiki/Estana"
            },
            {
                "name": "Iglesia de San Ginés (Montellá Martinet)",
                "url": "https://es.wikipedia.org/wiki/Iglesia_de_San_Gin%C3%A9s_(Montell%C3%A1_Martinet)"
            },
            {
                "name": "Iglesia de San Martín (Vilech)",
                "url": "https://es.wikipedia.org/wiki/Iglesia_de_San_Mart%C3%ADn_(Vilech)"
            },
            {
                "name": "Martinet (Lérida)",
                "url": "https://es.wikipedia.org/wiki/Martinet_(L%C3%A9rida)"
            },
            {
                "name": "Montellà",
                "url": "https://es.wikipedia.org/wiki/Montell%C3%A0"
            },
            {
                "name": "Montellá Martinet",
                "url": "https://es.wikipedia.org/wiki/Montell%C3%A1_Martinet"
            },
            {
                "name": "Santuario de Santa María de Bastanist",
                "url": "https://es.wikipedia.org/wiki/Santuario_de_Santa_Mar%C3%ADa_de_Bastanist"
            },
            {
                "name": "Víllec",
                "url": "https://es.wikipedia.org/wiki/V%C3%ADllec"
            }
        ]
    },
    {
        "name": "Prulláns",
        "url": "https://es.wikipedia.org/wiki/Categor%C3%ADa:Prull%C3%A1ns",
        "subcategories": [],
        "articulos": [
            {
                "name": "Ardòvol",
                "url": "https://es.wikipedia.org/wiki/Ard%C3%B2vol"
            },
            {
                "name": "Iglesia de San Esteban (Prullans)",
                "url": "https://es.wikipedia.org/wiki/Iglesia_de_San_Esteban_(Prullans)"
            },
            {
                "name": "Prulláns",
                "url": "https://es.wikipedia.org/wiki/Prull%C3%A1ns"
            }
        ]
    },
    {
        "name": "Puigcerdá",
        "url": "https://es.wikipedia.org/wiki/Categor%C3%ADa:Puigcerd%C3%A1",
        "subcategories": [
            {
                "name": "Nacidos en Puigcerdá",
                "url": "https://es.wikipedia.org/wiki/Categor%C3%ADa:Nacidos_en_Puigcerd%C3%A1",
                "subcategories": [],
                "articulos": [
                    {
                        "name": "Miguel Barnades",
                        "url": "https://es.wikipedia.org/wiki/Miguel_Barnades"
                    },
                    {
                        "name": "Pere Borrell del Caso",
                        "url": "https://es.wikipedia.org/wiki/Pere_Borrell_del_Caso"
                    },
                    {
                        "name": "Lleó Borrell",
                        "url": "https://es.wikipedia.org/wiki/Lle%C3%B3_Borrell"
                    },
                    {
                        "name": "Guillem Capdevila",
                        "url": "https://es.wikipedia.org/wiki/Guillem_Capdevila"
                    },
                    {
                        "name": "Rafael Degollada",
                        "url": "https://es.wikipedia.org/wiki/Rafael_Degollada"
                    },
                    {
                        "name": "Juan Fabra y Floreta",
                        "url": "https://es.wikipedia.org/wiki/Juan_Fabra_y_Floreta"
                    },
                    {
                        "name": "José Font Marimont",
                        "url": "https://es.wikipedia.org/wiki/Jos%C3%A9_Font_Marimont"
                    },
                    {
                        "name": "José Antonio Hermida",
                        "url": "https://es.wikipedia.org/wiki/Jos%C3%A9_Antonio_Hermida"
                    },
                    {
                        "name": "Tomás Junoy",
                        "url": "https://es.wikipedia.org/wiki/Tom%C3%A1s_Junoy"
                    },
                    {
                        "name": "Francisco Piguillem",
                        "url": "https://es.wikipedia.org/wiki/Francisco_Piguillem"
                    }
                ]
            }
        ],
        "articulos": [
            {
                "name": "Puigcerdá",
                "url": "https://es.wikipedia.org/wiki/Puigcerd%C3%A1"
            },
            {
                "name": "Age (Gerona)",
                "url": "https://es.wikipedia.org/wiki/Age_(Gerona)"
            },
            {
                "name": "Convento de San Domingo (Puigcerdá)",
                "url": "https://es.wikipedia.org/wiki/Convento_de_San_Domingo_(Puigcerd%C3%A1)"
            },
            {
                "name": "Hospital de Puigcerdá",
                "url": "https://es.wikipedia.org/wiki/Hospital_de_Puigcerd%C3%A1"
            },
            {
                "name": "Hospital transfronterizo de la Cerdaña",
                "url": "https://es.wikipedia.org/wiki/Hospital_transfronterizo_de_la_Cerda%C3%B1a"
            },
            {
                "name": "Iglesia de Santa María de Puigcerdá",
                "url": "https://es.wikipedia.org/wiki/Iglesia_de_Santa_Mar%C3%ADa_de_Puigcerd%C3%A1"
            },
            {
                "name": "Iglesia de Santo Tomás (Ventajola)",
                "url": "https://es.wikipedia.org/wiki/Iglesia_de_Santo_Tom%C3%A1s_(Ventajola)"
            },
            {
                "name": "Lago de Puigcerdá",
                "url": "https://es.wikipedia.org/wiki/Lago_de_Puigcerd%C3%A1"
            },
            {
                "name": "Partido judicial de Puigcerdá",
                "url": "https://es.wikipedia.org/wiki/Partido_judicial_de_Puigcerd%C3%A1"
            },
            {
                "name": "Rigolisa",
                "url": "https://es.wikipedia.org/wiki/Rigolisa"
            },
            {
                "name": "Ventajola",
                "url": "https://es.wikipedia.org/wiki/Ventajola"
            },
            {
                "name": "Vilallobent",
                "url": "https://es.wikipedia.org/wiki/Vilallobent"
            }
        ]
    }
]